{"cameraMode":{"drawMode":0,"name":"Shaded","section":"Shading Mode"},"sceneLighting":true,"audioPlay":false,"sceneViewState":{"showFog":true,"showMaterialUpdate":false,"showSkybox":false,"showFlares":true,"showImageEffects":true,"showParticleSystems":true},"in2DMode":false,"pivot":{"x":10.499824523925782,"y":7.340358257293701,"z":18.954307556152345},"rotation":{"x":-0.38097578287124636,"y":0.25857043266296389,"z":-0.11186464875936508,"w":-0.8806188106536865},"size":51.0915412902832,"orthographic":false}